[
  {
    "id": 1,
    "year": 2023,
    "eventType": "nonEvent",
    "references": [],
    "reference": 0,
    "serviceDate": "2023-07-12T00:00:00",
    "resourceType": "procedure",
    "_id": "123afieoaeife"
  },
  {
    "id": 2,
    "year": 2023,
    "eventType": "nonEvent",
    "references": [],
    "reference": 0,
    "serviceDate": "2023-07-22T00:00:00",
    "resourceType": "Condition",
    "_id": "123afieoaeife"
  },
  {
    "id": 3,
    "year": 2022,
    "eventType": "nonEvent",
    "references": [],
    "reference": 0,
    "serviceDate": "2022-02-03T00:00:00",
    "resourceType": "procedure",
    "_id": "123afieoaeife"
  },
  {
    "id": 4,
    "year": 2023,
    "eventType": "nonEvent",
    "references": [],
    "reference": 0,
    "serviceDate": "2023-06-09T00:00:00",
    "resourceType": "Observation",
    "_id": "123afieoaeife"
  },
  {
    "id": 5,
    "year": 2022,
    "eventHeader": "Hospital/clinic Visit",
    "provider": "Dr. Carina Santos",
    "facility": "stanford",
    "eventType": "hospital",
    "references": [],
    "reference": 0,
    "serviceDate": "2022-11-04T00:00:00",
    "resourceType": "ExplanationOfBenefit",
    "cost": "$70 to you, $210 to insurance",
    "_id": "123afieoaeife"
  },
  {
    "id": 6,
    "year": 2021,
    "eventHeader": "insurance coverage update",
    "provider": "Dr. Carina Santos",
    "facility": "stanford",
    "eventType": "coverage",
    "references": [],
    "reference": 0,
    "serviceDate": "2021-03-17T00:00:00",
    "resourceType": "Coverage",
    "_id": "123afieoaeife"
  },
  {
    "id": 7,
    "year": 2021,
    "eventHeader": "medication pickup/dispense",
    "provider": "Dr. Anne Joe",
    "facility": "stanford",
    "eventType": "medications",
    "references": [],
    "reference": 0,
    "serviceDate": "2021-02-15T00:00:00",
    "resourceType": "ExplanationOfBenefit",
    "cost": "$70 to you, $210 to insurance",
    "_id": "123afieoaeife"
  },
  {
    "id": 8,
    "year": 2023,
    "eventHeader": "insurance coverage update",
    "provider": "Dr. Anne Joe",
    "facility": "yale",
    "eventType": "coverage",
    "references": [],
    "reference": 0,
    "serviceDate": "2023-05-26T00:00:00",
    "resourceType": "Coverage",
    "_id": "123afieoaeife"
  },
  {
    "id": 9,
    "year": 2023,
    "eventType": "nonEvent",
    "references": [],
    "reference": 0,
    "serviceDate": "2023-09-11T00:00:00",
    "resourceType": "procedure",
    "_id": "123afieoaeife"
  },
  {
    "id": 10,
    "year": 2022,
    "eventHeader": "Hospital/clinic Visit",
    "provider": "Dr. Anne Joe",
    "facility": "yale",
    "eventType": "office",
    "references": [12, 18, 25, 26, 97],
    "reference": 0,
    "serviceDate": "2022-10-14T00:00:00",
    "resourceType": "Encounter",
    "clinicalNotes": "some very long string",
    "_id": "123afieoaeife"
  },
  {
    "id": 11,
    "year": 2021,
    "eventHeader": "medication pickup/dispense",
    "provider": "Dr. Carina Santos",
    "facility": "yale",
    "eventType": "medications",
    "references": [],
    "reference": 0,
    "serviceDate": "2021-10-25T00:00:00",
    "resourceType": "MedicationDispense",
    "_id": "123afieoaeife"
  },
  {
    "id": 12,
    "year": 2022,
    "eventType": "nonEvent",
    "references": [],
    "reference": 10,
    "serviceDate": "2022-08-10T00:00:00",
    "resourceType": "Observation",
    "_id": "123afieoaeife"
  },
  {
    "id": 13,
    "year": 2022,
    "eventHeader": "medication pickup/dispense",
    "provider": "Dr. Carina Santos",
    "facility": "stanford",
    "eventType": "medications",
    "references": [],
    "reference": 0,
    "serviceDate": "2022-10-02T00:00:00",
    "resourceType": "MedicationDispense",
    "_id": "123afieoaeife"
  },
  {
    "id": 14,
    "year": 2021,
    "eventHeader": "medication pickup/dispense",
    "provider": "Dr. Carina Santos",
    "facility": "stanford",
    "eventType": "medications",
    "references": [],
    "reference": 0,
    "serviceDate": "2021-01-19T00:00:00",
    "resourceType": "ExplanationOfBenefit",
    "cost": "$70 to you, $210 to insurance",
    "_id": "123afieoaeife"
  },
  {
    "id": 15,
    "year": 2023,
    "eventHeader": "medication pickup/dispense",
    "provider": "Dr. Anne Joe",
    "facility": "stanford",
    "eventType": "medications",
    "references": [],
    "reference": 0,
    "serviceDate": "2023-06-13T00:00:00",
    "resourceType": "MedicationDispense",
    "_id": "123afieoaeife"
  },
  {
    "id": 16,
    "year": 2021,
    "eventHeader": "insurance coverage update",
    "provider": "Dr. Anne Joe",
    "facility": "ucsf",
    "eventType": "coverage",
    "references": [],
    "reference": 0,
    "serviceDate": "2021-02-12T00:00:00",
    "resourceType": "Coverage",
    "_id": "123afieoaeife"
  },
  {
    "id": 17,
    "year": 2020,
    "eventType": "nonEvent",
    "references": [],
    "reference": 0,
    "serviceDate": "2020-09-24T00:00:00",
    "resourceType": "Observation",
    "_id": "123afieoaeife"
  },
  {
    "id": 18,
    "year": 2022,
    "eventType": "nonEvent",
    "references": [],
    "reference": 10,
    "serviceDate": "2022-03-24T00:00:00",
    "resourceType": "procedure",
    "_id": "123afieoaeife"
  },
  {
    "id": 19,
    "year": 2023,
    "eventType": "nonEvent",
    "references": [],
    "reference": 0,
    "serviceDate": "2023-09-24T00:00:00",
    "resourceType": "procedure",
    "_id": "123afieoaeife"
  },
  {
    "id": 20,
    "year": 2022,
    "eventHeader": "Hospital/clinic Visit",
    "provider": "Dr. Anne Joe",
    "facility": "ucsf",
    "eventType": "hospital",
    "references": [58],
    "reference": 0,
    "serviceDate": "2022-11-06T00:00:00",
    "resourceType": "Encounter",
    "clinicalNotes": "some very long string",
    "_id": "123afieoaeife"
  },
  {
    "id": 21,
    "year": 2023,
    "eventHeader": "Hospital/clinic Visit",
    "provider": "Dr. Carina Santos",
    "facility": "yale",
    "eventType": "office",
    "references": [],
    "reference": 0,
    "serviceDate": "2023-09-27T00:00:00",
    "resourceType": "ExplanationOfBenefit",
    "cost": "$70 to you, $210 to insurance",
    "_id": "123afieoaeife"
  },
  {
    "id": 22,
    "year": 2022,
    "eventType": "nonEvent",
    "references": [],
    "reference": 0,
    "serviceDate": "2022-01-08T00:00:00",
    "resourceType": "Observation",
    "_id": "123afieoaeife"
  },
  {
    "id": 23,
    "year": 2023,
    "eventType": "nonEvent",
    "references": [],
    "reference": 0,
    "serviceDate": "2023-08-17T00:00:00",
    "resourceType": "procedure",
    "_id": "123afieoaeife"
  },
  {
    "id": 24,
    "year": 2023,
    "eventHeader": "insurance coverage update",
    "provider": "Dr. Carina Santos",
    "facility": "yale",
    "eventType": "coverage",
    "references": [],
    "reference": 0,
    "serviceDate": "2023-06-12T00:00:00",
    "resourceType": "Coverage",
    "_id": "123afieoaeife"
  },
  {
    "id": 25,
    "year": 2021,
    "eventType": "nonEvent",
    "references": [],
    "reference": 10,
    "serviceDate": "2021-04-02T00:00:00",
    "resourceType": "Observation",
    "_id": "123afieoaeife"
  },
  {
    "id": 26,
    "year": 2022,
    "eventType": "nonEvent",
    "references": [],
    "reference": 10,
    "serviceDate": "2022-03-23T00:00:00",
    "resourceType": "procedure",
    "_id": "123afieoaeife"
  },
  {
    "id": 27,
    "year": 2023,
    "eventHeader": "Hospital/clinic Visit",
    "provider": "Dr. Carina Santos",
    "facility": "yale",
    "eventType": "office",
    "references": [],
    "reference": 0,
    "serviceDate": "2023-08-24T00:00:00",
    "resourceType": "Encounter",
    "clinicalNotes": "some very long string",
    "_id": "123afieoaeife"
  },
  {
    "id": 28,
    "year": 2023,
    "eventHeader": "insurance coverage update",
    "provider": "Dr. Anne Joe",
    "facility": "yale",
    "eventType": "coverage",
    "references": [],
    "reference": 0,
    "serviceDate": "2023-05-21T00:00:00",
    "resourceType": "Coverage",
    "_id": "123afieoaeife"
  },
  {
    "id": 29,
    "year": 2020,
    "eventHeader": "insurance coverage update",
    "provider": "Dr. Carina Santos",
    "facility": "ucsf",
    "eventType": "coverage",
    "references": [],
    "reference": 0,
    "serviceDate": "2020-07-22T00:00:00",
    "resourceType": "Coverage",
    "_id": "123afieoaeife"
  },
  {
    "id": 30,
    "year": 2023,
    "eventHeader": "medication pickup/dispense",
    "provider": "Dr. Anne Joe",
    "facility": "ucsf",
    "eventType": "medications",
    "references": [],
    "reference": 0,
    "serviceDate": "2023-08-26T00:00:00",
    "resourceType": "MedicationDispense",
    "_id": "123afieoaeife"
  },
  {
    "id": 31,
    "year": 2023,
    "eventHeader": "insurance coverage update",
    "provider": "Dr. Anne Joe",
    "facility": "ucsf",
    "eventType": "coverage",
    "references": [],
    "reference": 0,
    "serviceDate": "2023-09-11T00:00:00",
    "resourceType": "Coverage",
    "_id": "123afieoaeife"
  },
  {
    "id": 32,
    "year": 2021,
    "eventHeader": "insurance coverage update",
    "provider": "Dr. Carina Santos",
    "facility": "stanford",
    "eventType": "coverage",
    "references": [],
    "reference": 0,
    "serviceDate": "2021-11-20T00:00:00",
    "resourceType": "Coverage",
    "_id": "123afieoaeife"
  },
  {
    "id": 33,
    "year": 2021,
    "eventHeader": "medication pickup/dispense",
    "provider": "Dr. Anne Joe",
    "facility": "yale",
    "eventType": "medications",
    "references": [],
    "reference": 0,
    "serviceDate": "2021-11-27T00:00:00",
    "resourceType": "ExplanationOfBenefit",
    "cost": "$70 to you, $210 to insurance",
    "_id": "123afieoaeife"
  },
  {
    "id": 34,
    "year": 2022,
    "eventHeader": "medication pickup/dispense",
    "provider": "Dr. Carina Santos",
    "facility": "yale",
    "eventType": "medications",
    "references": [],
    "reference": 0,
    "serviceDate": "2022-03-16T00:00:00",
    "resourceType": "ExplanationOfBenefit",
    "cost": "$70 to you, $210 to insurance",
    "_id": "123afieoaeife"
  },
  {
    "id": 35,
    "year": 2021,
    "eventHeader": "insurance coverage update",
    "provider": "Dr. Carina Santos",
    "facility": "ucsf",
    "eventType": "coverage",
    "references": [],
    "reference": 0,
    "serviceDate": "2021-04-27T00:00:00",
    "resourceType": "Coverage",
    "_id": "123afieoaeife"
  },
  {
    "id": 36,
    "year": 2021,
    "eventType": "nonEvent",
    "references": [],
    "reference": 0,
    "serviceDate": "2021-03-22T00:00:00",
    "resourceType": "procedure",
    "_id": "123afieoaeife"
  },
  {
    "id": 37,
    "year": 2022,
    "eventHeader": "medication pickup/dispense",
    "provider": "Dr. Carina Santos",
    "facility": "ucsf",
    "eventType": "medications",
    "references": [],
    "reference": 0,
    "serviceDate": "2022-05-17T00:00:00",
    "resourceType": "ExplanationOfBenefit",
    "cost": "$70 to you, $210 to insurance",
    "_id": "123afieoaeife"
  },
  {
    "id": 38,
    "year": 2021,
    "eventHeader": "medication pickup/dispense",
    "provider": "Dr. Anne Joe",
    "facility": "stanford",
    "eventType": "medications",
    "references": [],
    "reference": 0,
    "serviceDate": "2021-06-05T00:00:00",
    "resourceType": "MedicationDispense",
    "_id": "123afieoaeife"
  },
  {
    "id": 39,
    "year": 2020,
    "eventType": "nonEvent",
    "references": [],
    "reference": 0,
    "serviceDate": "2020-06-11T00:00:00",
    "resourceType": "Observation",
    "_id": "123afieoaeife"
  },
  {
    "id": 40,
    "year": 2022,
    "eventHeader": "insurance coverage update",
    "provider": "Dr. Carina Santos",
    "facility": "yale",
    "eventType": "coverage",
    "references": [],
    "reference": 0,
    "serviceDate": "2022-10-09T00:00:00",
    "resourceType": "Coverage",
    "_id": "123afieoaeife"
  },
  {
    "id": 41,
    "year": 2020,
    "eventHeader": "medication pickup/dispense",
    "provider": "Dr. Carina Santos",
    "facility": "yale",
    "eventType": "medications",
    "references": [],
    "reference": 0,
    "serviceDate": "2020-10-24T00:00:00",
    "resourceType": "MedicationDispense",
    "_id": "123afieoaeife"
  },
  {
    "id": 42,
    "year": 2022,
    "eventHeader": "medication pickup/dispense",
    "provider": "Dr. Carina Santos",
    "facility": "stanford",
    "eventType": "medications",
    "references": [],
    "reference": 0,
    "serviceDate": "2022-09-02T00:00:00",
    "resourceType": "ExplanationOfBenefit",
    "cost": "$70 to you, $210 to insurance",
    "_id": "123afieoaeife"
  },
  {
    "id": 43,
    "year": 2023,
    "eventHeader": "medication pickup/dispense",
    "provider": "Dr. Anne Joe",
    "facility": "ucsf",
    "eventType": "medications",
    "references": [],
    "reference": 0,
    "serviceDate": "2023-03-24T00:00:00",
    "resourceType": "MedicationDispense",
    "_id": "123afieoaeife"
  },
  {
    "id": 44,
    "year": 2022,
    "eventHeader": "insurance coverage update",
    "provider": "Dr. Carina Santos",
    "facility": "ucsf",
    "eventType": "coverage",
    "references": [],
    "reference": 0,
    "serviceDate": "2022-01-14T00:00:00",
    "resourceType": "Coverage",
    "_id": "123afieoaeife"
  },
  {
    "id": 45,
    "year": 2021,
    "eventHeader": "medication pickup/dispense",
    "provider": "Dr. Carina Santos",
    "facility": "stanford",
    "eventType": "medications",
    "references": [],
    "reference": 0,
    "serviceDate": "2021-04-06T00:00:00",
    "resourceType": "MedicationDispense",
    "_id": "123afieoaeife"
  },
  {
    "id": 46,
    "year": 2020,
    "eventHeader": "Hospital/clinic Visit",
    "provider": "Dr. Anne Joe",
    "facility": "ucsf",
    "eventType": "office",
    "references": [91],
    "reference": 0,
    "serviceDate": "2020-09-11T00:00:00",
    "resourceType": "Encounter",
    "clinicalNotes": "some very long string",
    "_id": "123afieoaeife"
  },
  {
    "id": 47,
    "year": 2022,
    "eventHeader": "Hospital/clinic Visit",
    "provider": "Dr. Carina Santos",
    "facility": "yale",
    "eventType": "office",
    "references": [],
    "reference": 0,
    "serviceDate": "2022-09-08T00:00:00",
    "resourceType": "Encounter",
    "clinicalNotes": "some very long string",
    "_id": "123afieoaeife"
  },
  {
    "id": 48,
    "year": 2023,
    "eventType": "nonEvent",
    "references": [],
    "reference": 0,
    "serviceDate": "2023-05-08T00:00:00",
    "resourceType": "procedure",
    "_id": "123afieoaeife"
  },
  {
    "id": 49,
    "year": 2022,
    "eventHeader": "Hospital/clinic Visit",
    "provider": "Dr. Carina Santos",
    "facility": "ucsf",
    "eventType": "office",
    "references": [],
    "reference": 0,
    "serviceDate": "2022-10-18T00:00:00",
    "resourceType": "Encounter",
    "clinicalNotes": "some very long string",
    "_id": "123afieoaeife"
  },
  {
    "id": 50,
    "year": 2020,
    "eventType": "nonEvent",
    "references": [],
    "reference": 0,
    "serviceDate": "2020-03-02T00:00:00",
    "resourceType": "Condition",
    "_id": "123afieoaeife"
  },
  {
    "id": 51,
    "year": 2021,
    "eventType": "nonEvent",
    "references": [],
    "reference": 0,
    "serviceDate": "2021-05-23T00:00:00",
    "resourceType": "Observation",
    "_id": "123afieoaeife"
  },
  {
    "id": 52,
    "year": 2023,
    "eventHeader": "insurance coverage update",
    "provider": "Dr. Anne Joe",
    "facility": "stanford",
    "eventType": "coverage",
    "references": [],
    "reference": 0,
    "serviceDate": "2023-07-18T00:00:00",
    "resourceType": "Coverage",
    "_id": "123afieoaeife"
  },
  {
    "id": 53,
    "year": 2020,
    "eventHeader": "medication pickup/dispense",
    "provider": "Dr. Carina Santos",
    "facility": "stanford",
    "eventType": "medications",
    "references": [],
    "reference": 0,
    "serviceDate": "2020-08-21T00:00:00",
    "resourceType": "ExplanationOfBenefit",
    "cost": "$70 to you, $210 to insurance",
    "_id": "123afieoaeife"
  },
  {
    "id": 54,
    "year": 2023,
    "eventHeader": "insurance coverage update",
    "provider": "Dr. Carina Santos",
    "facility": "stanford",
    "eventType": "coverage",
    "references": [],
    "reference": 0,
    "serviceDate": "2023-04-23T00:00:00",
    "resourceType": "Coverage",
    "_id": "123afieoaeife"
  },
  {
    "id": 55,
    "year": 2020,
    "eventHeader": "insurance coverage update",
    "provider": "Dr. Anne Joe",
    "facility": "ucsf",
    "eventType": "coverage",
    "references": [],
    "reference": 0,
    "serviceDate": "2020-10-05T00:00:00",
    "resourceType": "Coverage",
    "_id": "123afieoaeife"
  },
  {
    "id": 56,
    "year": 2023,
    "eventHeader": "medication pickup/dispense",
    "provider": "Dr. Carina Santos",
    "facility": "yale",
    "eventType": "medications",
    "references": [],
    "reference": 0,
    "serviceDate": "2023-10-01T00:00:00",
    "resourceType": "ExplanationOfBenefit",
    "cost": "$70 to you, $210 to insurance",
    "_id": "123afieoaeife"
  },
  {
    "id": 57,
    "year": 2022,
    "eventHeader": "insurance coverage update",
    "provider": "Dr. Carina Santos",
    "facility": "stanford",
    "eventType": "coverage",
    "references": [],
    "reference": 0,
    "serviceDate": "2022-09-24T00:00:00",
    "resourceType": "Coverage",
    "_id": "123afieoaeife"
  },
  {
    "id": 58,
    "year": 2020,
    "eventType": "nonEvent",
    "references": [],
    "reference": 20,
    "serviceDate": "2020-05-08T00:00:00",
    "resourceType": "Condition",
    "_id": "123afieoaeife"
  },
  {
    "id": 59,
    "year": 2020,
    "eventHeader": "Hospital/clinic Visit",
    "provider": "Dr. Carina Santos",
    "facility": "stanford",
    "eventType": "office",
    "references": [],
    "reference": 0,
    "serviceDate": "2020-02-26T00:00:00",
    "resourceType": "ExplanationOfBenefit",
    "cost": "$70 to you, $210 to insurance",
    "_id": "123afieoaeife"
  },
  {
    "id": 60,
    "year": 2020,
    "eventHeader": "Hospital/clinic Visit",
    "provider": "Dr. Carina Santos",
    "facility": "stanford",
    "eventType": "hospital",
    "references": [61, 87, 93],
    "reference": 0,
    "serviceDate": "2020-10-05T00:00:00",
    "resourceType": "Encounter",
    "clinicalNotes": "some very long string",
    "_id": "123afieoaeife"
  },
  {
    "id": 61,
    "year": 2023,
    "eventType": "nonEvent",
    "references": [],
    "reference": 60,
    "serviceDate": "2023-02-27T00:00:00",
    "resourceType": "Observation",
    "_id": "123afieoaeife"
  },
  {
    "id": 62,
    "year": 2023,
    "eventHeader": "Hospital/clinic Visit",
    "provider": "Dr. Carina Santos",
    "facility": "yale",
    "eventType": "office",
    "references": [92],
    "reference": 0,
    "serviceDate": "2023-08-24T00:00:00",
    "resourceType": "Encounter",
    "clinicalNotes": "some very long string",
    "_id": "123afieoaeife"
  },
  {
    "id": 63,
    "year": 2021,
    "eventType": "nonEvent",
    "references": [],
    "reference": 0,
    "serviceDate": "2021-04-08T00:00:00",
    "resourceType": "procedure",
    "_id": "123afieoaeife"
  },
  {
    "id": 64,
    "year": 2023,
    "eventHeader": "insurance coverage update",
    "provider": "Dr. Anne Joe",
    "facility": "ucsf",
    "eventType": "coverage",
    "references": [],
    "reference": 0,
    "serviceDate": "2023-02-10T00:00:00",
    "resourceType": "Coverage",
    "_id": "123afieoaeife"
  },
  {
    "id": 65,
    "year": 2021,
    "eventHeader": "medication pickup/dispense",
    "provider": "Dr. Carina Santos",
    "facility": "yale",
    "eventType": "medications",
    "references": [],
    "reference": 0,
    "serviceDate": "2021-01-15T00:00:00",
    "resourceType": "ExplanationOfBenefit",
    "cost": "$70 to you, $210 to insurance",
    "_id": "123afieoaeife"
  },
  {
    "id": 66,
    "year": 2022,
    "eventHeader": "medication pickup/dispense",
    "provider": "Dr. Anne Joe",
    "facility": "yale",
    "eventType": "medications",
    "references": [],
    "reference": 0,
    "serviceDate": "2022-10-17T00:00:00",
    "resourceType": "MedicationDispense",
    "_id": "123afieoaeife"
  },
  {
    "id": 67,
    "year": 2021,
    "eventHeader": "Hospital/clinic Visit",
    "provider": "Dr. Carina Santos",
    "facility": "stanford",
    "eventType": "hospital",
    "references": [],
    "reference": 0,
    "serviceDate": "2021-08-02T00:00:00",
    "resourceType": "ExplanationOfBenefit",
    "cost": "$70 to you, $210 to insurance",
    "_id": "123afieoaeife"
  },
  {
    "id": 68,
    "year": 2022,
    "eventHeader": "insurance coverage update",
    "provider": "Dr. Anne Joe",
    "facility": "ucsf",
    "eventType": "coverage",
    "references": [],
    "reference": 0,
    "serviceDate": "2022-01-23T00:00:00",
    "resourceType": "Coverage",
    "_id": "123afieoaeife"
  },
  {
    "id": 69,
    "year": 2021,
    "eventHeader": "Hospital/clinic Visit",
    "provider": "Dr. Carina Santos",
    "facility": "yale",
    "eventType": "office",
    "references": [83],
    "reference": 0,
    "serviceDate": "2021-09-09T00:00:00",
    "resourceType": "Encounter",
    "clinicalNotes": "some very long string",
    "_id": "123afieoaeife"
  },
  {
    "id": 70,
    "year": 2021,
    "eventHeader": "insurance coverage update",
    "provider": "Dr. Anne Joe",
    "facility": "ucsf",
    "eventType": "coverage",
    "references": [],
    "reference": 0,
    "serviceDate": "2021-07-08T00:00:00",
    "resourceType": "Coverage",
    "_id": "123afieoaeife"
  },
  {
    "id": 71,
    "year": 2021,
    "eventType": "nonEvent",
    "references": [],
    "reference": 0,
    "serviceDate": "2021-05-13T00:00:00",
    "resourceType": "Condition",
    "_id": "123afieoaeife"
  },
  {
    "id": 72,
    "year": 2022,
    "eventHeader": "insurance coverage update",
    "provider": "Dr. Anne Joe",
    "facility": "stanford",
    "eventType": "coverage",
    "references": [],
    "reference": 0,
    "serviceDate": "2022-05-15T00:00:00",
    "resourceType": "Coverage",
    "_id": "123afieoaeife"
  },
  {
    "id": 73,
    "year": 2023,
    "eventHeader": "medication pickup/dispense",
    "provider": "Dr. Carina Santos",
    "facility": "yale",
    "eventType": "medications",
    "references": [],
    "reference": 0,
    "serviceDate": "2023-07-13T00:00:00",
    "resourceType": "MedicationDispense",
    "_id": "123afieoaeife"
  },
  {
    "id": 74,
    "year": 2023,
    "eventType": "nonEvent",
    "references": [],
    "reference": 0,
    "serviceDate": "2023-05-21T00:00:00",
    "resourceType": "Condition",
    "_id": "123afieoaeife"
  },
  {
    "id": 75,
    "year": 2022,
    "eventType": "nonEvent",
    "references": [],
    "reference": 0,
    "serviceDate": "2022-06-18T00:00:00",
    "resourceType": "Observation",
    "_id": "123afieoaeife"
  },
  {
    "id": 76,
    "year": 2020,
    "eventType": "nonEvent",
    "references": [],
    "reference": 0,
    "serviceDate": "2020-06-06T00:00:00",
    "resourceType": "procedure",
    "_id": "123afieoaeife"
  },
  {
    "id": 77,
    "year": 2020,
    "eventHeader": "medication pickup/dispense",
    "provider": "Dr. Carina Santos",
    "facility": "yale",
    "eventType": "medications",
    "references": [],
    "reference": 0,
    "serviceDate": "2020-11-04T00:00:00",
    "resourceType": "ExplanationOfBenefit",
    "cost": "$70 to you, $210 to insurance",
    "_id": "123afieoaeife"
  },
  {
    "id": 78,
    "year": 2021,
    "eventHeader": "Hospital/clinic Visit",
    "provider": "Dr. Anne Joe",
    "facility": "yale",
    "eventType": "office",
    "references": [],
    "reference": 0,
    "serviceDate": "2021-09-27T00:00:00",
    "resourceType": "Encounter",
    "clinicalNotes": "some very long string",
    "_id": "123afieoaeife"
  },
  {
    "id": 79,
    "year": 2023,
    "eventHeader": "Hospital/clinic Visit",
    "provider": "Dr. Anne Joe",
    "facility": "ucsf",
    "eventType": "hospital",
    "references": [],
    "reference": 0,
    "serviceDate": "2023-04-13T00:00:00",
    "resourceType": "ExplanationOfBenefit",
    "cost": "$70 to you, $210 to insurance",
    "_id": "123afieoaeife"
  },
  {
    "id": 80,
    "year": 2022,
    "eventHeader": "medication pickup/dispense",
    "provider": "Dr. Anne Joe",
    "facility": "stanford",
    "eventType": "medications",
    "references": [],
    "reference": 0,
    "serviceDate": "2022-01-25T00:00:00",
    "resourceType": "ExplanationOfBenefit",
    "cost": "$70 to you, $210 to insurance",
    "_id": "123afieoaeife"
  },
  {
    "id": 81,
    "year": 2020,
    "eventHeader": "Hospital/clinic Visit",
    "provider": "Dr. Carina Santos",
    "facility": "ucsf",
    "eventType": "office",
    "references": [],
    "reference": 0,
    "serviceDate": "2020-07-06T00:00:00",
    "resourceType": "Encounter",
    "clinicalNotes": "some very long string",
    "_id": "123afieoaeife"
  },
  {
    "id": 82,
    "year": 2023,
    "eventType": "nonEvent",
    "references": [],
    "reference": 0,
    "serviceDate": "2023-11-05T00:00:00",
    "resourceType": "procedure",
    "_id": "123afieoaeife"
  },
  {
    "id": 83,
    "year": 2020,
    "eventType": "nonEvent",
    "references": [],
    "reference": 69,
    "serviceDate": "2020-10-11T00:00:00",
    "resourceType": "Condition",
    "_id": "123afieoaeife"
  },
  {
    "id": 84,
    "year": 2020,
    "eventHeader": "insurance coverage update",
    "provider": "Dr. Carina Santos",
    "facility": "stanford",
    "eventType": "coverage",
    "references": [],
    "reference": 0,
    "serviceDate": "2020-11-20T00:00:00",
    "resourceType": "Coverage",
    "_id": "123afieoaeife"
  },
  {
    "id": 85,
    "year": 2020,
    "eventType": "nonEvent",
    "references": [],
    "reference": 0,
    "serviceDate": "2020-05-20T00:00:00",
    "resourceType": "Condition",
    "_id": "123afieoaeife"
  },
  {
    "id": 86,
    "year": 2021,
    "eventHeader": "Hospital/clinic Visit",
    "provider": "Dr. Carina Santos",
    "facility": "stanford",
    "eventType": "hospital",
    "references": [],
    "reference": 0,
    "serviceDate": "2021-07-07T00:00:00",
    "resourceType": "ExplanationOfBenefit",
    "cost": "$70 to you, $210 to insurance",
    "_id": "123afieoaeife"
  },
  {
    "id": 87,
    "year": 2020,
    "eventType": "nonEvent",
    "references": [],
    "reference": 60,
    "serviceDate": "2020-07-09T00:00:00",
    "resourceType": "Observation",
    "_id": "123afieoaeife"
  },
  {
    "id": 88,
    "year": 2020,
    "eventType": "nonEvent",
    "references": [],
    "reference": 0,
    "serviceDate": "2020-08-07T00:00:00",
    "resourceType": "procedure",
    "_id": "123afieoaeife"
  },
  {
    "id": 89,
    "year": 2022,
    "eventType": "nonEvent",
    "references": [],
    "reference": 0,
    "serviceDate": "2022-02-08T00:00:00",
    "resourceType": "Observation",
    "_id": "123afieoaeife"
  },
  {
    "id": 90,
    "year": 2021,
    "eventHeader": "insurance coverage update",
    "provider": "Dr. Carina Santos",
    "facility": "ucsf",
    "eventType": "coverage",
    "references": [],
    "reference": 0,
    "serviceDate": "2021-04-12T00:00:00",
    "resourceType": "Coverage",
    "_id": "123afieoaeife"
  },
  {
    "id": 91,
    "year": 2022,
    "eventType": "nonEvent",
    "references": [],
    "reference": 46,
    "serviceDate": "2022-09-06T00:00:00",
    "resourceType": "Observation",
    "_id": "123afieoaeife"
  },
  {
    "id": 92,
    "year": 2022,
    "eventType": "nonEvent",
    "references": [],
    "reference": 62,
    "serviceDate": "2022-05-06T00:00:00",
    "resourceType": "procedure",
    "_id": "123afieoaeife"
  },
  {
    "id": 93,
    "year": 2020,
    "eventType": "nonEvent",
    "references": [],
    "reference": 60,
    "serviceDate": "2020-10-02T00:00:00",
    "resourceType": "procedure",
    "_id": "123afieoaeife"
  },
  {
    "id": 94,
    "year": 2022,
    "eventHeader": "medication pickup/dispense",
    "provider": "Dr. Anne Joe",
    "facility": "ucsf",
    "eventType": "medications",
    "references": [],
    "reference": 0,
    "serviceDate": "2022-10-25T00:00:00",
    "resourceType": "ExplanationOfBenefit",
    "cost": "$70 to you, $210 to insurance",
    "_id": "123afieoaeife"
  },
  {
    "id": 95,
    "year": 2023,
    "eventHeader": "insurance coverage update",
    "provider": "Dr. Anne Joe",
    "facility": "ucsf",
    "eventType": "coverage",
    "references": [],
    "reference": 0,
    "serviceDate": "2023-04-18T00:00:00",
    "resourceType": "Coverage",
    "_id": "123afieoaeife"
  },
  {
    "id": 96,
    "year": 2023,
    "eventType": "nonEvent",
    "references": [],
    "reference": 0,
    "serviceDate": "2023-06-16T00:00:00",
    "resourceType": "Condition",
    "_id": "123afieoaeife"
  },
  {
    "id": 97,
    "year": 2020,
    "eventType": "nonEvent",
    "references": [],
    "reference": 10,
    "serviceDate": "2020-07-27T00:00:00",
    "resourceType": "Observation",
    "_id": "123afieoaeife"
  },
  {
    "id": 98,
    "year": 2023,
    "eventHeader": "Hospital/clinic Visit",
    "provider": "Dr. Anne Joe",
    "facility": "stanford",
    "eventType": "office",
    "references": [],
    "reference": 0,
    "serviceDate": "2023-09-06T00:00:00",
    "resourceType": "ExplanationOfBenefit",
    "cost": "$70 to you, $210 to insurance",
    "_id": "123afieoaeife"
  },
  {
    "id": 99,
    "year": 2021,
    "eventHeader": "medication pickup/dispense",
    "provider": "Dr. Carina Santos",
    "facility": "ucsf",
    "eventType": "medications",
    "references": [],
    "reference": 0,
    "serviceDate": "2021-08-14T00:00:00",
    "resourceType": "ExplanationOfBenefit",
    "cost": "$70 to you, $210 to insurance",
    "_id": "123afieoaeife"
  }
]
